mlbId,status,title,price,imageStatus,format,path,exists,width,height,issue
"MLB5268487034","published","Fonte de Alimentação DC Hikari Hf-3205s 32 V/5 A P/bancadas","R$ 732,00","verified","avif","public/products/MLB5268487034/optimized/main.avif","yes","362","500",""
"MLB5268487034","published","Fonte de Alimentação DC Hikari Hf-3205s 32 V/5 A P/bancadas","R$ 732,00","verified","webp","public/products/MLB5268487034/optimized/main.webp","yes","362","500",""
"MLB5268487034","published","Fonte de Alimentação DC Hikari Hf-3205s 32 V/5 A P/bancadas","R$ 732,00","verified","jpg","public/products/MLB5268487034/optimized/main.jpg","yes","362","500",""
"MLB3963856949","pending-review","Kit com 50 Abraçadeiras Plásticas Fixadoras de Fios 11 A 15m","R$ 69,90","pending-review","avif","public/products/MLB3963856949/optimized/main.avif","no","","",""
"MLB3963856949","pending-review","Kit com 50 Abraçadeiras Plásticas Fixadoras de Fios 11 A 15m","R$ 69,90","pending-review","webp","public/products/MLB3963856949/optimized/main.webp","no","","",""
"MLB3963856949","pending-review","Kit com 50 Abraçadeiras Plásticas Fixadoras de Fios 11 A 15m","R$ 69,90","pending-review","jpg","public/products/MLB3963856949/optimized/main.jpg","no","","",""
"MLB3963907335","pending-review","Mini fonte 5 V 3 W Conversor AC/dc 310 V Compacta e Eficiente Preto","R$ 22,75","verified","avif","public/products/MLB3963907335/optimized/main.avif","yes","500","409",""
"MLB3963907335","pending-review","Mini fonte 5 V 3 W Conversor AC/dc 310 V Compacta e Eficiente Preto","R$ 22,75","verified","webp","public/products/MLB3963907335/optimized/main.webp","yes","500","409",""
"MLB3963907335","pending-review","Mini fonte 5 V 3 W Conversor AC/dc 310 V Compacta e Eficiente Preto","R$ 22,75","verified","jpg","public/products/MLB3963907335/optimized/main.jpg","yes","500","409",""
"MLB5272637504","published","Kit 30 Placas de Fenolite Ilhada 5x7 Cm Pcb Perfurada","R$ 69,90","verified","avif","public/products/MLB5272637504/optimized/main.avif","yes","467","500",""
"MLB5272637504","published","Kit 30 Placas de Fenolite Ilhada 5x7 Cm Pcb Perfurada","R$ 69,90","verified","webp","public/products/MLB5272637504/optimized/main.webp","yes","467","500",""
"MLB5272637504","published","Kit 30 Placas de Fenolite Ilhada 5x7 Cm Pcb Perfurada","R$ 69,90","verified","jpg","public/products/MLB5272637504/optimized/main.jpg","yes","467","500",""
"MLB6747664468","pending-review","Gerador de Função Minipa 2mhz Mfg-4202 A Portátil Manual 2kg","R$ 819,00","pending-review","avif","public/products/MLB6747664468/optimized/main.avif","no","","",""
"MLB6747664468","pending-review","Gerador de Função Minipa 2mhz Mfg-4202 A Portátil Manual 2kg","R$ 819,00","pending-review","webp","public/products/MLB6747664468/optimized/main.webp","no","","",""
"MLB6747664468","pending-review","Gerador de Função Minipa 2mhz Mfg-4202 A Portátil Manual 2kg","R$ 819,00","pending-review","jpg","public/products/MLB6747664468/optimized/main.jpg","no","","",""
"MLB3963883507","pending-review","2 Módulos Relé 1 Canal 5 V/10 A para Projetos Arduino e Iot","R$ 25,78","verified","avif","public/products/MLB3963883507/optimized/main.avif","yes","494","500",""
"MLB3963883507","pending-review","2 Módulos Relé 1 Canal 5 V/10 A para Projetos Arduino e Iot","R$ 25,78","verified","webp","public/products/MLB3963883507/optimized/main.webp","yes","494","500",""
"MLB3963883507","pending-review","2 Módulos Relé 1 Canal 5 V/10 A para Projetos Arduino e Iot","R$ 25,78","verified","jpg","public/products/MLB3963883507/optimized/main.jpg","yes","494","500",""
"MLB3963881443","pending-review","Mini fonte 110-220 V AC 5 V DC 700 mA 3.5 W Arduino Esp8266","R$ 21,90","verified","avif","public/products/MLB3963881443/optimized/main.avif","yes","500","487",""
"MLB3963881443","pending-review","Mini fonte 110-220 V AC 5 V DC 700 mA 3.5 W Arduino Esp8266","R$ 21,90","verified","webp","public/products/MLB3963881443/optimized/main.webp","yes","500","487",""
"MLB3963881443","pending-review","Mini fonte 110-220 V AC 5 V DC 700 mA 3.5 W Arduino Esp8266","R$ 21,90","verified","jpg","public/products/MLB3963881443/optimized/main.jpg","yes","500","487",""
"MLB4508250345","pending-review","Carcaça Acer Aspire 5 A515-54 Prateado","R$ 200,00","verified","avif","public/products/MLB4508250345/optimized/main.avif","yes","330","500",""
"MLB4508250345","pending-review","Carcaça Acer Aspire 5 A515-54 Prateado","R$ 200,00","verified","webp","public/products/MLB4508250345/optimized/main.webp","yes","330","500",""
"MLB4508250345","pending-review","Carcaça Acer Aspire 5 A515-54 Prateado","R$ 200,00","verified","jpg","public/products/MLB4508250345/optimized/main.jpg","yes","330","500",""
"MLB4669500229","pending-review","Fonte de Alimentação DC Variável Bancada Hikari 3 A Hf-3203s","R$ 645,30","verified","avif","public/products/MLB4669500229/optimized/main.avif","yes","484","500",""
"MLB4669500229","pending-review","Fonte de Alimentação DC Variável Bancada Hikari 3 A Hf-3203s","R$ 645,30","verified","webp","public/products/MLB4669500229/optimized/main.webp","yes","484","500",""
"MLB4669500229","pending-review","Fonte de Alimentação DC Variável Bancada Hikari 3 A Hf-3203s","R$ 645,30","verified","jpg","public/products/MLB4669500229/optimized/main.jpg","yes","484","500",""
"MLB5288865822","published","Kit com 3 Transformador de Corrente AC Não Invasivo ZMCT123A","R$ 49,18","verified","avif","public/products/MLB5288865822/optimized/main.avif","yes","500","500",""
"MLB5288865822","published","Kit com 3 Transformador de Corrente AC Não Invasivo ZMCT123A","R$ 49,18","verified","webp","public/products/MLB5288865822/optimized/main.webp","yes","500","500",""
"MLB5288865822","published","Kit com 3 Transformador de Corrente AC Não Invasivo ZMCT123A","R$ 49,18","verified","jpg","public/products/MLB5288865822/optimized/main.jpg","yes","500","500",""
"MLB3963871285","pending-review","Modulo Rele 1 Canal Led Indicador para Arduino Pi Pic 5 V/10 A","R$ 25,78","verified","avif","public/products/MLB3963871285/optimized/main.avif","yes","500","395",""
"MLB3963871285","pending-review","Modulo Rele 1 Canal Led Indicador para Arduino Pi Pic 5 V/10 A","R$ 25,78","verified","webp","public/products/MLB3963871285/optimized/main.webp","yes","500","395",""
"MLB3963871285","pending-review","Modulo Rele 1 Canal Led Indicador para Arduino Pi Pic 5 V/10 A","R$ 25,78","verified","jpg","public/products/MLB3963871285/optimized/main.jpg","yes","500","395",""
"MLB3948192369","published","Kit 10 Mini fonte Chaveada Hi-link HLK-PM01 - 5 V 3 W","R$ 239,90","verified","avif","public/products/MLB3948192369/optimized/main.avif","yes","500","436",""
"MLB3948192369","published","Kit 10 Mini fonte Chaveada Hi-link HLK-PM01 - 5 V 3 W","R$ 239,90","verified","webp","public/products/MLB3948192369/optimized/main.webp","yes","500","436",""
"MLB3948192369","published","Kit 10 Mini fonte Chaveada Hi-link HLK-PM01 - 5 V 3 W","R$ 239,90","verified","jpg","public/products/MLB3948192369/optimized/main.jpg","yes","500","436",""
"MLB5272831698","pending-review","Kit com 6 Pigtail U.fi Ipx para Rp-sma Femêa com 10 Cm","R$ 59,90","pending-review","avif","public/products/MLB5272831698/optimized/main.avif","no","","",""
"MLB5272831698","pending-review","Kit com 6 Pigtail U.fi Ipx para Rp-sma Femêa com 10 Cm","R$ 59,90","pending-review","webp","public/products/MLB5272831698/optimized/main.webp","no","","",""
"MLB5272831698","pending-review","Kit com 6 Pigtail U.fi Ipx para Rp-sma Femêa com 10 Cm","R$ 59,90","pending-review","jpg","public/products/MLB5272831698/optimized/main.jpg","no","","",""
"MLB5272769886","published","Retificador 220 V Saída 5 V DC 700 mA AC DC Step Down Fonte 5 V","R$ 33,00","verified","avif","public/products/MLB5272769886/optimized/main.avif","yes","461","500",""
"MLB5272769886","published","Retificador 220 V Saída 5 V DC 700 mA AC DC Step Down Fonte 5 V","R$ 33,00","verified","webp","public/products/MLB5272769886/optimized/main.webp","yes","461","500",""
"MLB5272769886","published","Retificador 220 V Saída 5 V DC 700 mA AC DC Step Down Fonte 5 V","R$ 33,00","verified","jpg","public/products/MLB5272769886/optimized/main.jpg","yes","461","500",""
"MLB5268554980","published","Fonte de Alimentação HLK-PM01 5 V/3 W Hi-link Módulo AC/dc","R$ 33,00","verified","avif","public/products/MLB5268554980/optimized/main.avif","yes","500","433",""
"MLB5268554980","published","Fonte de Alimentação HLK-PM01 5 V/3 W Hi-link Módulo AC/dc","R$ 33,00","verified","webp","public/products/MLB5268554980/optimized/main.webp","yes","500","433",""
"MLB5268554980","published","Fonte de Alimentação HLK-PM01 5 V/3 W Hi-link Módulo AC/dc","R$ 33,00","verified","jpg","public/products/MLB5268554980/optimized/main.jpg","yes","500","433",""
"MLB5272672830","pending-review","50 Lacres de Segurança Amarelos com Arame Aço 30cm Numerados Amarelo","R$ 49,02","verified","avif","public/products/MLB5272672830/optimized/main.avif","yes","302","500",""
"MLB5272672830","pending-review","50 Lacres de Segurança Amarelos com Arame Aço 30cm Numerados Amarelo","R$ 49,02","verified","webp","public/products/MLB5272672830/optimized/main.webp","yes","302","500",""
"MLB5272672830","pending-review","50 Lacres de Segurança Amarelos com Arame Aço 30cm Numerados Amarelo","R$ 49,02","verified","jpg","public/products/MLB5272672830/optimized/main.jpg","yes","302","500",""
"MLB3963996985","published","Kit com 400 Resistores 10 Kω 5% Tolerância","R$ 51,70","verified","avif","public/products/MLB3963996985/optimized/main.avif","yes","500","486",""
"MLB3963996985","published","Kit com 400 Resistores 10 Kω 5% Tolerância","R$ 51,70","verified","webp","public/products/MLB3963996985/optimized/main.webp","yes","500","486",""
"MLB3963996985","published","Kit com 400 Resistores 10 Kω 5% Tolerância","R$ 51,70","verified","jpg","public/products/MLB3963996985/optimized/main.jpg","yes","500","486",""
"MLB5249469476","published","Kit 500 Reguladores de Tensão Ams1117 Smd 3,3 V","R$ 199,90","verified","avif","public/products/MLB5249469476/optimized/main.avif","yes","500","459",""
"MLB5249469476","published","Kit 500 Reguladores de Tensão Ams1117 Smd 3,3 V","R$ 199,90","verified","webp","public/products/MLB5249469476/optimized/main.webp","yes","500","459",""
"MLB5249469476","published","Kit 500 Reguladores de Tensão Ams1117 Smd 3,3 V","R$ 199,90","verified","jpg","public/products/MLB5249469476/optimized/main.jpg","yes","500","459",""
"MLB5268530154","pending-review","Mini fonte Chaveada Hi-link HLK-PM01 5 V / 3 W","R$ 33,00","verified","avif","public/products/MLB5268530154/optimized/main.avif","yes","500","436",""
"MLB5268530154","pending-review","Mini fonte Chaveada Hi-link HLK-PM01 5 V / 3 W","R$ 33,00","verified","webp","public/products/MLB5268530154/optimized/main.webp","yes","500","436",""
"MLB5268530154","pending-review","Mini fonte Chaveada Hi-link HLK-PM01 5 V / 3 W","R$ 33,00","verified","jpg","public/products/MLB5268530154/optimized/main.jpg","yes","500","436",""
"MLB3964028995","published","Kit com 400 Resistores 100 Kω 5% Filme de Carbono","R$ 51,80","verified","avif","public/products/MLB3964028995/optimized/main.avif","yes","500","383",""
"MLB3964028995","published","Kit com 400 Resistores 100 Kω 5% Filme de Carbono","R$ 51,80","verified","webp","public/products/MLB3964028995/optimized/main.webp","yes","500","383",""
"MLB3964028995","published","Kit com 400 Resistores 100 Kω 5% Filme de Carbono","R$ 51,80","verified","jpg","public/products/MLB3964028995/optimized/main.jpg","yes","500","383",""
"MLB5272537202","published","Kit 10x Antena GPS 1575.42 MHz com Suporte A 3 V-5 V","R$ 299,80","verified","avif","public/products/MLB5272537202/optimized/main.avif","yes","500","412",""
"MLB5272537202","published","Kit 10x Antena GPS 1575.42 MHz com Suporte A 3 V-5 V","R$ 299,80","verified","webp","public/products/MLB5272537202/optimized/main.webp","yes","500","412",""
"MLB5272537202","published","Kit 10x Antena GPS 1575.42 MHz com Suporte A 3 V-5 V","R$ 299,80","verified","jpg","public/products/MLB5272537202/optimized/main.jpg","yes","500","412",""
"MLB3964934307","published","Kit com 9 Sensores de Corrente AC ZMCT123A Não Invasivos","R$ 129,90","verified","avif","public/products/MLB3964934307/optimized/main.avif","yes","500","457",""
"MLB3964934307","published","Kit com 9 Sensores de Corrente AC ZMCT123A Não Invasivos","R$ 129,90","verified","webp","public/products/MLB3964934307/optimized/main.webp","yes","500","457",""
"MLB3964934307","published","Kit com 9 Sensores de Corrente AC ZMCT123A Não Invasivos","R$ 129,90","verified","jpg","public/products/MLB3964934307/optimized/main.jpg","yes","500","457",""
"MLB4051985849","pending-review","Kit 10x Módulos ESP32 Ttgo T-call SIM800L + Antena (novo)","R$ 1.259,00","verified","avif","public/products/MLB4051985849/optimized/main.avif","yes","500","500",""
"MLB4051985849","pending-review","Kit 10x Módulos ESP32 Ttgo T-call SIM800L + Antena (novo)","R$ 1.259,00","verified","webp","public/products/MLB4051985849/optimized/main.webp","yes","500","500",""
"MLB4051985849","pending-review","Kit 10x Módulos ESP32 Ttgo T-call SIM800L + Antena (novo)","R$ 1.259,00","verified","jpg","public/products/MLB4051985849/optimized/main.jpg","yes","500","500",""
"MLB4669479535","published","Kit 100 Barra de Pinos - Fêmea - 1x15 - 2,54 mm - Pic/arduino Preto","R$ 118,00","verified","avif","public/products/MLB4669479535/optimized/main.avif","yes","400","500",""
"MLB4669479535","published","Kit 100 Barra de Pinos - Fêmea - 1x15 - 2,54 mm - Pic/arduino Preto","R$ 118,00","verified","webp","public/products/MLB4669479535/optimized/main.webp","yes","400","500",""
"MLB4669479535","published","Kit 100 Barra de Pinos - Fêmea - 1x15 - 2,54 mm - Pic/arduino Preto","R$ 118,00","verified","jpg","public/products/MLB4669479535/optimized/main.jpg","yes","400","500",""
"MLB5288925380","published","3x Kit ESP32 SIM800L Módulo Sem Fio Gprs T-call + Antena","R$ 382,00","verified","avif","public/products/MLB5288925380/optimized/main.avif","yes","500","500",""
"MLB5288925380","published","3x Kit ESP32 SIM800L Módulo Sem Fio Gprs T-call + Antena","R$ 382,00","verified","webp","public/products/MLB5288925380/optimized/main.webp","yes","500","500",""
"MLB5288925380","published","3x Kit ESP32 SIM800L Módulo Sem Fio Gprs T-call + Antena","R$ 382,00","verified","jpg","public/products/MLB5288925380/optimized/main.jpg","yes","500","500",""
"MLB6747664364","pending-review","Gerador de Função Minipa 2mhz Mfg-4202 A Portátil Manual 2kg","R$ 852,30","pending-review","avif","public/products/MLB6747664364/optimized/main.avif","no","","",""
"MLB6747664364","pending-review","Gerador de Função Minipa 2mhz Mfg-4202 A Portátil Manual 2kg","R$ 852,30","pending-review","webp","public/products/MLB6747664364/optimized/main.webp","no","","",""
"MLB6747664364","pending-review","Gerador de Função Minipa 2mhz Mfg-4202 A Portátil Manual 2kg","R$ 852,30","pending-review","jpg","public/products/MLB6747664364/optimized/main.jpg","no","","",""
"MLB5375724278","pending-review","Kit 5x Módulos ESP32 Ttgo T-call SIM800L + Antena (novo)","R$ 592,00","verified","avif","public/products/MLB5375724278/optimized/main.avif","yes","500","500",""
"MLB5375724278","pending-review","Kit 5x Módulos ESP32 Ttgo T-call SIM800L + Antena (novo)","R$ 592,00","verified","webp","public/products/MLB5375724278/optimized/main.webp","yes","500","500",""
"MLB5375724278","pending-review","Kit 5x Módulos ESP32 Ttgo T-call SIM800L + Antena (novo)","R$ 592,00","verified","jpg","public/products/MLB5375724278/optimized/main.jpg","yes","500","500",""
"MLB4669505143","pending-review","50x Varistor 14k 250vac (s14d391 / 14d391k250vac) Uso Geral","R$ 110,00","pending-review","avif","public/products/MLB4669505143/optimized/main.avif","no","","",""
"MLB4669505143","pending-review","50x Varistor 14k 250vac (s14d391 / 14d391k250vac) Uso Geral","R$ 110,00","pending-review","webp","public/products/MLB4669505143/optimized/main.webp","no","","",""
"MLB4669505143","pending-review","50x Varistor 14k 250vac (s14d391 / 14d391k250vac) Uso Geral","R$ 110,00","pending-review","jpg","public/products/MLB4669505143/optimized/main.jpg","no","","",""
"MLB6747664922","pending-review","Sensor de Corrente AC Não Invasivo AC SCT-013 100 A 50 mA","R$ 63,00","verified","avif","public/products/MLB6747664922/optimized/main.avif","yes","500","438",""
"MLB6747664922","pending-review","Sensor de Corrente AC Não Invasivo AC SCT-013 100 A 50 mA","R$ 63,00","verified","webp","public/products/MLB6747664922/optimized/main.webp","yes","500","438",""
"MLB6747664922","pending-review","Sensor de Corrente AC Não Invasivo AC SCT-013 100 A 50 mA","R$ 63,00","verified","jpg","public/products/MLB6747664922/optimized/main.jpg","yes","500","438",""
"MLB4669505471","pending-review","Filtro Supressor de Ruídos Eicos K-8 para Contatores 220 V","R$ 98,00","verified","avif","public/products/MLB4669505471/optimized/main.avif","yes","500","500",""
"MLB4669505471","pending-review","Filtro Supressor de Ruídos Eicos K-8 para Contatores 220 V","R$ 98,00","verified","webp","public/products/MLB4669505471/optimized/main.webp","yes","500","500",""
"MLB4669505471","pending-review","Filtro Supressor de Ruídos Eicos K-8 para Contatores 220 V","R$ 98,00","verified","jpg","public/products/MLB4669505471/optimized/main.jpg","yes","500","500",""
"MLB3939451361","published","Módulo de Comunicação Ttgo T-call, SIM800L Lilygo","R$ 141,90","verified","avif","public/products/MLB3939451361/optimized/main.avif","yes","500","466",""
"MLB3939451361","published","Módulo de Comunicação Ttgo T-call, SIM800L Lilygo","R$ 141,90","verified","webp","public/products/MLB3939451361/optimized/main.webp","yes","500","466",""
"MLB3939451361","published","Módulo de Comunicação Ttgo T-call, SIM800L Lilygo","R$ 141,90","verified","jpg","public/products/MLB3939451361/optimized/main.jpg","yes","500","466",""
"MLB4417997973","pending-review","Kit 2x Módulos ESP32 Ttgo T-call SIM800L + Antena (novo)","R$ 245,00","verified","avif","public/products/MLB4417997973/optimized/main.avif","yes","500","465",""
"MLB4417997973","pending-review","Kit 2x Módulos ESP32 Ttgo T-call SIM800L + Antena (novo)","R$ 245,00","verified","webp","public/products/MLB4417997973/optimized/main.webp","yes","500","465",""
"MLB4417997973","pending-review","Kit 2x Módulos ESP32 Ttgo T-call SIM800L + Antena (novo)","R$ 245,00","verified","jpg","public/products/MLB4417997973/optimized/main.jpg","yes","500","465",""
"MLB5268502882","pending-review","Kit15 Conector Parafuso Fendido Emenda Cabos Split Bolt 16mm","R$ 75,90","verified","avif","public/products/MLB5268502882/optimized/main.avif","yes","487","500",""
"MLB5268502882","pending-review","Kit15 Conector Parafuso Fendido Emenda Cabos Split Bolt 16mm","R$ 75,90","verified","webp","public/products/MLB5268502882/optimized/main.webp","yes","487","500",""
"MLB5268502882","pending-review","Kit15 Conector Parafuso Fendido Emenda Cabos Split Bolt 16mm","R$ 75,90","verified","jpg","public/products/MLB5268502882/optimized/main.jpg","yes","487","500",""
"MLB5375698778","pending-review","Kit 10x Módulos ESP32 Ttgo T-call SIM800L + Antena (novo)","R$ 1.259,00","verified","avif","public/products/MLB5375698778/optimized/main.avif","yes","497","500",""
"MLB5375698778","pending-review","Kit 10x Módulos ESP32 Ttgo T-call SIM800L + Antena (novo)","R$ 1.259,00","verified","webp","public/products/MLB5375698778/optimized/main.webp","yes","497","500",""
"MLB5375698778","pending-review","Kit 10x Módulos ESP32 Ttgo T-call SIM800L + Antena (novo)","R$ 1.259,00","verified","jpg","public/products/MLB5375698778/optimized/main.jpg","yes","497","500",""
"MLB5268502876","published","Kit 15 Conectores Split Bolt 16mm Fendido P/emenda de Cabos","R$ 75,90","verified","avif","public/products/MLB5268502876/optimized/main.avif","yes","500","435",""
"MLB5268502876","published","Kit 15 Conectores Split Bolt 16mm Fendido P/emenda de Cabos","R$ 75,90","verified","webp","public/products/MLB5268502876/optimized/main.webp","yes","500","435",""
"MLB5268502876","published","Kit 15 Conectores Split Bolt 16mm Fendido P/emenda de Cabos","R$ 75,90","verified","jpg","public/products/MLB5268502876/optimized/main.jpg","yes","500","435",""
"MLB5375622238","pending-review","Kit 20x Módulos ESP32 Ttgo T-call SIM800L + Antena (novo)","R$ 2.698,00","verified","avif","public/products/MLB5375622238/optimized/main.avif","yes","500","500",""
"MLB5375622238","pending-review","Kit 20x Módulos ESP32 Ttgo T-call SIM800L + Antena (novo)","R$ 2.698,00","verified","webp","public/products/MLB5375622238/optimized/main.webp","yes","500","500",""
"MLB5375622238","pending-review","Kit 20x Módulos ESP32 Ttgo T-call SIM800L + Antena (novo)","R$ 2.698,00","verified","jpg","public/products/MLB5375622238/optimized/main.jpg","yes","500","500",""
"MLB4669503045","published","Sensor de Corrente AC Não Invasivo SCT-013 100 A 50 mA","R$ 63,00","verified","avif","public/products/MLB4669503045/optimized/main.avif","yes","500","438",""
"MLB4669503045","published","Sensor de Corrente AC Não Invasivo SCT-013 100 A 50 mA","R$ 63,00","verified","webp","public/products/MLB4669503045/optimized/main.webp","yes","500","438",""
"MLB4669503045","published","Sensor de Corrente AC Não Invasivo SCT-013 100 A 50 mA","R$ 63,00","verified","jpg","public/products/MLB4669503045/optimized/main.jpg","yes","500","438",""
"MLB4669565005","pending-review","10x Varistor 14k 250vac (s14d391 / 14d391k250vac) Uso Geral","R$ 110,00","pending-review","avif","public/products/MLB4669565005/optimized/main.avif","no","","",""
"MLB4669565005","pending-review","10x Varistor 14k 250vac (s14d391 / 14d391k250vac) Uso Geral","R$ 110,00","pending-review","webp","public/products/MLB4669565005/optimized/main.webp","no","","",""
"MLB4669565005","pending-review","10x Varistor 14k 250vac (s14d391 / 14d391k250vac) Uso Geral","R$ 110,00","pending-review","jpg","public/products/MLB4669565005/optimized/main.jpg","no","","",""
"MLB4669565379","published","3x Filtro Supressor de Ruídos Eicos K-8 para Contatores 220 V","R$ 98,00","verified","avif","public/products/MLB4669565379/optimized/main.avif","yes","500","500",""
"MLB4669565379","published","3x Filtro Supressor de Ruídos Eicos K-8 para Contatores 220 V","R$ 98,00","verified","webp","public/products/MLB4669565379/optimized/main.webp","yes","500","500",""
"MLB4669565379","published","3x Filtro Supressor de Ruídos Eicos K-8 para Contatores 220 V","R$ 98,00","verified","jpg","public/products/MLB4669565379/optimized/main.jpg","yes","500","500",""
"MLB6747662378","pending-review","Fonte de Alimentação DC Variável Bancada Hikari 3 A Hf-3203s","R$ 755,30","verified","avif","public/products/MLB6747662378/optimized/main.avif","yes","484","500",""
"MLB6747662378","pending-review","Fonte de Alimentação DC Variável Bancada Hikari 3 A Hf-3203s","R$ 755,30","verified","webp","public/products/MLB6747662378/optimized/main.webp","yes","484","500",""
"MLB6747662378","pending-review","Fonte de Alimentação DC Variável Bancada Hikari 3 A Hf-3203s","R$ 755,30","verified","jpg","public/products/MLB6747662378/optimized/main.jpg","yes","484","500",""
"MLB3963960643","published","10x Módulo GPS Ublox Gy-gps6mv2 para Arduino, Drone e Esp","R$ 360,90","verified","avif","public/products/MLB3963960643/optimized/main.avif","yes","500","466",""
"MLB3963960643","published","10x Módulo GPS Ublox Gy-gps6mv2 para Arduino, Drone e Esp","R$ 360,90","verified","webp","public/products/MLB3963960643/optimized/main.webp","yes","500","466",""
"MLB3963960643","published","10x Módulo GPS Ublox Gy-gps6mv2 para Arduino, Drone e Esp","R$ 360,90","verified","jpg","public/products/MLB3963960643/optimized/main.jpg","yes","500","466",""
"MLB4669478861","published","40x Chave Micro Switch Kw1-103 15 A 125vac / 16 A 250vac Preto","R$ 214,00","verified","avif","public/products/MLB4669478861/optimized/main.avif","yes","490","500",""
"MLB4669478861","published","40x Chave Micro Switch Kw1-103 15 A 125vac / 16 A 250vac Preto","R$ 214,00","verified","webp","public/products/MLB4669478861/optimized/main.webp","yes","490","500",""
"MLB4669478861","published","40x Chave Micro Switch Kw1-103 15 A 125vac / 16 A 250vac Preto","R$ 214,00","verified","jpg","public/products/MLB4669478861/optimized/main.jpg","yes","490","500",""
"MLB4669476077","pending-review","Mini fonte Chaveada Hi-link HLK-PM01 5 V / 3 W","R$ 298,00","verified","avif","public/products/MLB4669476077/optimized/main.avif","yes","500","436",""
"MLB4669476077","pending-review","Mini fonte Chaveada Hi-link HLK-PM01 5 V / 3 W","R$ 298,00","verified","webp","public/products/MLB4669476077/optimized/main.webp","yes","500","436",""
"MLB4669476077","pending-review","Mini fonte Chaveada Hi-link HLK-PM01 5 V / 3 W","R$ 298,00","verified","jpg","public/products/MLB4669476077/optimized/main.jpg","yes","500","436",""
"MLB4051929221","pending-review","Kit 20x Módulos ESP32 Ttgo T-call SIM800L + Antena","R$ 1.980,00","verified","avif","public/products/MLB4051929221/optimized/main.avif","yes","500","500",""
"MLB4051929221","pending-review","Kit 20x Módulos ESP32 Ttgo T-call SIM800L + Antena","R$ 1.980,00","verified","webp","public/products/MLB4051929221/optimized/main.webp","yes","500","500",""
"MLB4051929221","pending-review","Kit 20x Módulos ESP32 Ttgo T-call SIM800L + Antena","R$ 1.980,00","verified","jpg","public/products/MLB4051929221/optimized/main.jpg","yes","500","500",""
"MLB3948176139","published","Kit 50 Conectores Fendido 16mm Split Bolt Cobre","R$ 199,80","verified","avif","public/products/MLB3948176139/optimized/main.avif","yes","500","435",""
"MLB3948176139","published","Kit 50 Conectores Fendido 16mm Split Bolt Cobre","R$ 199,80","verified","webp","public/products/MLB3948176139/optimized/main.webp","yes","500","435",""
"MLB3948176139","published","Kit 50 Conectores Fendido 16mm Split Bolt Cobre","R$ 199,80","verified","jpg","public/products/MLB3948176139/optimized/main.jpg","yes","500","435",""
"MLB4832394051","published","Kit 5 Mini fonte Chaveada Hi-link HLK-PM01 5 V / 3 W","R$ 98,00","verified","avif","public/products/MLB4832394051/optimized/main.avif","yes","500","486",""
"MLB4832394051","published","Kit 5 Mini fonte Chaveada Hi-link HLK-PM01 5 V / 3 W","R$ 98,00","verified","webp","public/products/MLB4832394051/optimized/main.webp","yes","500","486",""
"MLB4832394051","published","Kit 5 Mini fonte Chaveada Hi-link HLK-PM01 5 V / 3 W","R$ 98,00","verified","jpg","public/products/MLB4832394051/optimized/main.jpg","yes","500","486",""
"MLB5272829812","pending-review","Módulo GPS Ublox Casa da Robótica Gy-gps6mv2 Antena Cerâmica Arduino","R$ 360,90","verified","avif","public/products/MLB5272829812/optimized/main.avif","yes","500","466",""
"MLB5272829812","pending-review","Módulo GPS Ublox Casa da Robótica Gy-gps6mv2 Antena Cerâmica Arduino","R$ 360,90","verified","webp","public/products/MLB5272829812/optimized/main.webp","yes","500","466",""
"MLB5272829812","pending-review","Módulo GPS Ublox Casa da Robótica Gy-gps6mv2 Antena Cerâmica Arduino","R$ 360,90","verified","jpg","public/products/MLB5272829812/optimized/main.jpg","yes","500","466",""
"MLB7070502622","pending-review","Módulo de Comunicação Ttgo T-call, SIM800L Lilygo (aberto)","R$ 98,20","verified","avif","public/products/MLB7070502622/optimized/main.avif","yes","500","466",""
"MLB7070502622","pending-review","Módulo de Comunicação Ttgo T-call, SIM800L Lilygo (aberto)","R$ 98,20","verified","webp","public/products/MLB7070502622/optimized/main.webp","yes","500","466",""
"MLB7070502622","pending-review","Módulo de Comunicação Ttgo T-call, SIM800L Lilygo (aberto)","R$ 98,20","verified","jpg","public/products/MLB7070502622/optimized/main.jpg","yes","500","466",""
"MLB4669465391","published","Kit C/3 Sensor de Corrente AC Não Invasivosct-013 100 A 50 mA","R$ 138,30","verified","avif","public/products/MLB4669465391/optimized/main.avif","yes","500","438",""
"MLB4669465391","published","Kit C/3 Sensor de Corrente AC Não Invasivosct-013 100 A 50 mA","R$ 138,30","verified","webp","public/products/MLB4669465391/optimized/main.webp","yes","500","438",""
"MLB4669465391","published","Kit C/3 Sensor de Corrente AC Não Invasivosct-013 100 A 50 mA","R$ 138,30","verified","jpg","public/products/MLB4669465391/optimized/main.jpg","yes","500","438",""
"MLB4669463663","published","10x Mini fonte Chaveada Hi-link HLK-PM01 5 V / 3 W","R$ 298,00","verified","avif","public/products/MLB4669463663/optimized/main.avif","yes","500","436",""
"MLB4669463663","published","10x Mini fonte Chaveada Hi-link HLK-PM01 5 V / 3 W","R$ 298,00","verified","webp","public/products/MLB4669463663/optimized/main.webp","yes","500","436",""
"MLB4669463663","published","10x Mini fonte Chaveada Hi-link HLK-PM01 5 V / 3 W","R$ 298,00","verified","jpg","public/products/MLB4669463663/optimized/main.jpg","yes","500","436",""
"MLB5272662416","pending-review","Contator Hs Automação Trifásico 4011 40 A 3p +1na+1nf 220 V","R$ 75,90","verified","avif","public/products/MLB5272662416/optimized/main.avif","yes","365","500",""
"MLB5272662416","pending-review","Contator Hs Automação Trifásico 4011 40 A 3p +1na+1nf 220 V","R$ 75,90","verified","webp","public/products/MLB5272662416/optimized/main.webp","yes","365","500",""
"MLB5272662416","pending-review","Contator Hs Automação Trifásico 4011 40 A 3p +1na+1nf 220 V","R$ 75,90","verified","jpg","public/products/MLB5272662416/optimized/main.jpg","yes","365","500",""
"MLB4669463945","published","Kit 10un Mini fonte Hi-link HLK-PM01 110-220vac - 5vdc","R$ 255,00","verified","avif","public/products/MLB4669463945/optimized/main.avif","yes","500","436",""
"MLB4669463945","published","Kit 10un Mini fonte Hi-link HLK-PM01 110-220vac - 5vdc","R$ 255,00","verified","webp","public/products/MLB4669463945/optimized/main.webp","yes","500","436",""
"MLB4669463945","published","Kit 10un Mini fonte Hi-link HLK-PM01 110-220vac - 5vdc","R$ 255,00","verified","jpg","public/products/MLB4669463945/optimized/main.jpg","yes","500","436",""
"MLB6747663478","pending-review","Mini fonte Chaveada Hi-link HLK-PM01 5 V / 3 W","R$ 255,00","verified","avif","public/products/MLB6747663478/optimized/main.avif","yes","500","436",""
"MLB6747663478","pending-review","Mini fonte Chaveada Hi-link HLK-PM01 5 V / 3 W","R$ 255,00","verified","webp","public/products/MLB6747663478/optimized/main.webp","yes","500","436",""
"MLB6747663478","pending-review","Mini fonte Chaveada Hi-link HLK-PM01 5 V / 3 W","R$ 255,00","verified","jpg","public/products/MLB6747663478/optimized/main.jpg","yes","500","436",""
"MLB7070500932","pending-review","Placa de Comunicação Lilygo com ESP32 Ttgo T-call SIM800L","R$ 151,90","verified","avif","public/products/MLB7070500932/optimized/main.avif","yes","500","466",""
"MLB7070500932","pending-review","Placa de Comunicação Lilygo com ESP32 Ttgo T-call SIM800L","R$ 151,90","verified","webp","public/products/MLB7070500932/optimized/main.webp","yes","500","466",""
"MLB7070500932","pending-review","Placa de Comunicação Lilygo com ESP32 Ttgo T-call SIM800L","R$ 151,90","verified","jpg","public/products/MLB7070500932/optimized/main.jpg","yes","500","466",""
"MLB5272698878","published","Contator Tripolar 4011 40 A 220 V 3p com Contatos Auxiliares","R$ 75,90","verified","avif","public/products/MLB5272698878/optimized/main.avif","yes","467","500",""
"MLB5272698878","published","Contator Tripolar 4011 40 A 220 V 3p com Contatos Auxiliares","R$ 75,90","verified","webp","public/products/MLB5272698878/optimized/main.webp","yes","467","500",""
"MLB5272698878","published","Contator Tripolar 4011 40 A 220 V 3p com Contatos Auxiliares","R$ 75,90","verified","jpg","public/products/MLB5272698878/optimized/main.jpg","yes","467","500",""
"MLB4669465397","pending-review","Sensor de Corrente AC Não Invasivo AC SCT-013 100 A 50 mA","R$ 138,30","verified","avif","public/products/MLB4669465397/optimized/main.avif","yes","500","438",""
"MLB4669465397","pending-review","Sensor de Corrente AC Não Invasivo AC SCT-013 100 A 50 mA","R$ 138,30","verified","webp","public/products/MLB4669465397/optimized/main.webp","yes","500","438",""
"MLB4669465397","pending-review","Sensor de Corrente AC Não Invasivo AC SCT-013 100 A 50 mA","R$ 138,30","verified","jpg","public/products/MLB4669465397/optimized/main.jpg","yes","500","438",""
"MLB3939446645","pending-review","Contator Trifásico Elitek 32 A 220 V 3 Polos Modelo Ecp32a10m","R$ 83,90","verified","avif","public/products/MLB3939446645/optimized/main.avif","yes","495","500",""
"MLB3939446645","pending-review","Contator Trifásico Elitek 32 A 220 V 3 Polos Modelo Ecp32a10m","R$ 83,90","verified","webp","public/products/MLB3939446645/optimized/main.webp","yes","495","500",""
"MLB3939446645","pending-review","Contator Trifásico Elitek 32 A 220 V 3 Polos Modelo Ecp32a10m","R$ 83,90","verified","jpg","public/products/MLB3939446645/optimized/main.jpg","yes","495","500",""
"MLB4832454317","pending-review","Mini fonte Chaveada Hi-link HLK-PM01 5 V / 3 W","R$ 98,00","verified","avif","public/products/MLB4832454317/optimized/main.avif","yes","500","436",""
"MLB4832454317","pending-review","Mini fonte Chaveada Hi-link HLK-PM01 5 V / 3 W","R$ 98,00","verified","webp","public/products/MLB4832454317/optimized/main.webp","yes","500","436",""
"MLB4832454317","pending-review","Mini fonte Chaveada Hi-link HLK-PM01 5 V / 3 W","R$ 98,00","verified","jpg","public/products/MLB4832454317/optimized/main.jpg","yes","500","436",""
"MLB3957971855","published","Kit com 100 Prensa Cabos Pg9 Cinza - Vedação Ip68","R$ 78,90","verified","avif","public/products/MLB3957971855/optimized/main.avif","yes","500","490",""
"MLB3957971855","published","Kit com 100 Prensa Cabos Pg9 Cinza - Vedação Ip68","R$ 78,90","verified","webp","public/products/MLB3957971855/optimized/main.webp","yes","500","490",""
"MLB3957971855","published","Kit com 100 Prensa Cabos Pg9 Cinza - Vedação Ip68","R$ 78,90","verified","jpg","public/products/MLB3957971855/optimized/main.jpg","yes","500","490",""
"MLB5265377782","pending-review","Conector Split Bolt 16mm² Intelli Cobre Eletrolítico Alta Condutibilidade","R$ 199,80","verified","avif","public/products/MLB5265377782/optimized/main.avif","yes","338","500",""
"MLB5265377782","pending-review","Conector Split Bolt 16mm² Intelli Cobre Eletrolítico Alta Condutibilidade","R$ 199,80","verified","webp","public/products/MLB5265377782/optimized/main.webp","yes","338","500",""
"MLB5265377782","pending-review","Conector Split Bolt 16mm² Intelli Cobre Eletrolítico Alta Condutibilidade","R$ 199,80","verified","jpg","public/products/MLB5265377782/optimized/main.jpg","yes","338","500",""
"MLB5272894966","published","Kit 200 Barra de Pinos - Fêmea - 1x15 - 2,54 mm - Pic/arduino Preto","R$ 209,00","verified","avif","public/products/MLB5272894966/optimized/main.avif","yes","434","500",""
"MLB5272894966","published","Kit 200 Barra de Pinos - Fêmea - 1x15 - 2,54 mm - Pic/arduino Preto","R$ 209,00","verified","webp","public/products/MLB5272894966/optimized/main.webp","yes","434","500",""
"MLB5272894966","published","Kit 200 Barra de Pinos - Fêmea - 1x15 - 2,54 mm - Pic/arduino Preto","R$ 209,00","verified","jpg","public/products/MLB5272894966/optimized/main.jpg","yes","434","500",""
"MLB7141642274","pending-review","Bateria para Notebook Acer Aspire Ap18c8k 4471 Mah Original Preto","R$ 192,00","pending-review","avif","public/products/MLB7141642274/optimized/main.avif","no","","",""
"MLB7141642274","pending-review","Bateria para Notebook Acer Aspire Ap18c8k 4471 Mah Original Preto","R$ 192,00","pending-review","webp","public/products/MLB7141642274/optimized/main.webp","no","","",""
"MLB7141642274","pending-review","Bateria para Notebook Acer Aspire Ap18c8k 4471 Mah Original Preto","R$ 192,00","pending-review","jpg","public/products/MLB7141642274/optimized/main.jpg","no","","",""
"MLB7143332292","published","Kit 3x Módulo GPS NEO-6M V2 com Antena Arduino ESP32 Esp8266","R$ 98,20","verified","avif","public/products/MLB7143332292/optimized/main.avif","yes","500","500",""
"MLB7143332292","published","Kit 3x Módulo GPS NEO-6M V2 com Antena Arduino ESP32 Esp8266","R$ 98,20","verified","webp","public/products/MLB7143332292/optimized/main.webp","yes","500","500",""
"MLB7143332292","published","Kit 3x Módulo GPS NEO-6M V2 com Antena Arduino ESP32 Esp8266","R$ 98,20","verified","jpg","public/products/MLB7143332292/optimized/main.jpg","yes","500","500",""
"MLB4875918503","pending-review","Módulo GPS NEO-6M V2 com Antena Compatível Arduino ESP32 Esp8266 Raspberry Pi Rastreamento Navegação Telemetria Drone Robótica Geolocalização Projetos Blutu","R$ 98,20","verified","avif","public/products/MLB4875918503/optimized/main.avif","yes","500","500",""
"MLB4875918503","pending-review","Módulo GPS NEO-6M V2 com Antena Compatível Arduino ESP32 Esp8266 Raspberry Pi Rastreamento Navegação Telemetria Drone Robótica Geolocalização Projetos Blutu","R$ 98,20","verified","webp","public/products/MLB4875918503/optimized/main.webp","yes","500","500",""
"MLB4875918503","pending-review","Módulo GPS NEO-6M V2 com Antena Compatível Arduino ESP32 Esp8266 Raspberry Pi Rastreamento Navegação Telemetria Drone Robótica Geolocalização Projetos Blutu","R$ 98,20","verified","jpg","public/products/MLB4875918503/optimized/main.jpg","yes","500","500",""
