file,title,description,canonical,jsonLdCount,issue
"dist\404.html","Página não encontrada | OMEGAIMPORTS","Página não encontrada. Consulte o catálogo técnico da OMEGAIMPORTS e confirme as condições no anúncio oficial do Mercado Livre.","https://luscaarmstrong1.github.io/omegaimports-catalogo/404.html","2",""
"dist\aplicacoes\index.html","Aplicações agora ficam no catálogo | OMEGAIMPORTS","Use os filtros e a busca para navegar por aplicação.","https://luscaarmstrong1.github.io/omegaimports-catalogo/aplicacoes/","2",""
"dist\blog\como-criar-sistemas-iot-para-locais-sem-wi-fi\index.html","Como criar sistemas IoT para locais sem Wi-Fi | OMEGAIMPORTS","Sem roteador não significa sem conectividade: redes celulares, LoRaWAN, armazenamento local e uma arquitetura preparada para falhas permitem levar sensores e automação.","https://luscaarmstrong1.github.io/omegaimports-catalogo/blog/como-criar-sistemas-iot-para-locais-sem-wi-fi/","3",""
"dist\blog\esp32-por-que-esse-microcontrolador-se-tornou-tao-importante-para-projetos-iot\index.html","ESP32: por que esse microcontrolador se tornou tão importante… | OMEGAIMPORTS","Wi-Fi, Bluetooth, capacidade de processamento, diversos periféricos e um ecossistema de desenvolvimento maduro ajudaram o ESP32 a ocupar um espaço importante entre a.","https://luscaarmstrong1.github.io/omegaimports-catalogo/blog/esp32-por-que-esse-microcontrolador-se-tornou-tao-importante-para-projetos-iot/","3",""
"dist\blog\esp32-sim800l-quando-usar-comunicacao-gsm-gprs-em-vez-de-wi-fi\index.html","ESP32 + SIM800L: quando usar comunicação GSM/GPRS em vez de… | OMEGAIMPORTS","Quando o projeto precisa funcionar longe de roteadores e redes locais, a comunicação celular pode ser uma alternativa útil, mas cobertura 2G, alimentação elétrica e.","https://luscaarmstrong1.github.io/omegaimports-catalogo/blog/esp32-sim800l-quando-usar-comunicacao-gsm-gprs-em-vez-de-wi-fi/","3",""
"dist\blog\index.html","Blog técnico | OMEGAIMPORTS","Guias práticos sobre eletrônica, IoT, sensores, fontes, automação e prototipagem.","https://luscaarmstrong1.github.io/omegaimports-catalogo/blog/","3",""
"dist\blog\telemetria-industrial-como-sensores-e-conectividade-podem-transformar-manutencao-e-monit\index.html","Telemetria industrial: como sensores e conectividade podem… | OMEGAIMPORTS","Ao combinar sensores, processamento local, comunicação e análise de dados, a telemetria permite acompanhar ativos a distância, detectar desvios mais cedo e transformar.","https://luscaarmstrong1.github.io/omegaimports-catalogo/blog/telemetria-industrial-como-sensores-e-conectividade-podem-transformar-manutencao-e-monit/","3",""
"dist\blog\ttgo-t-call-esp32-e-comunicacao-movel-em-uma-unica-placa\index.html","TTGO T-Call: ESP32 e comunicação móvel em uma única placa | OMEGAIMPORTS","Ao integrar ESP32 e modem SIM800L na mesma plataforma, a TTGO T-Call simplifica protótipos de telemetria, rastreamento e IoT celular, desde que alimentação, revisão da.","https://luscaarmstrong1.github.io/omegaimports-catalogo/blog/ttgo-t-call-esp32-e-comunicacao-movel-em-uma-unica-placa/","3",""
"dist\blog\wi-fi-bluetooth-gsm-e-lora-qual-tecnologia-escolher-para-seu-projeto-iot\index.html","Wi-Fi, Bluetooth, GSM e LoRa: qual tecnologia escolher para… | OMEGAIMPORTS","Não existe uma comunicação “melhor” para todo projeto: alcance, consumo, mobilidade, infraestrutura, volume de dados e vida útil da solução determinam quando Wi-Fi,.","https://luscaarmstrong1.github.io/omegaimports-catalogo/blog/wi-fi-bluetooth-gsm-e-lora-qual-tecnologia-escolher-para-seu-projeto-iot/","3",""
"dist\categorias\automacao-e-comando\index.html","Automação e comando | OMEGAIMPORTS","Contatores, relés, supressores e componentes de comando.","https://luscaarmstrong1.github.io/omegaimports-catalogo/categorias/automacao-e-comando/","2",""
"dist\categorias\componentes-eletronicos\index.html","Componentes eletrônicos | OMEGAIMPORTS","Resistores, varistores, headers, chaves e placas de prototipagem.","https://luscaarmstrong1.github.io/omegaimports-catalogo/categorias/componentes-eletronicos/","2",""
"dist\categorias\conectores-e-instalacao\index.html","Conectores e instalação | OMEGAIMPORTS","Split Bolt, prensa-cabos, conectores e itens de montagem.","https://luscaarmstrong1.github.io/omegaimports-catalogo/categorias/conectores-e-instalacao/","2",""
"dist\categorias\fontes-e-alimentacao\index.html","Fontes e alimentação | OMEGAIMPORTS","Fontes AC/DC, reguladores e alimentação compacta para circuitos.","https://luscaarmstrong1.github.io/omegaimports-catalogo/categorias/fontes-e-alimentacao/","2",""
"dist\categorias\gps-e-localizacao\index.html","GPS e localização | OMEGAIMPORTS","Módulos GPS e antenas para rastreamento, telemetria e navegação.","https://luscaarmstrong1.github.io/omegaimports-catalogo/categorias/gps-e-localizacao/","2",""
"dist\categorias\index.html","Categorias | OMEGAIMPORTS","Categorias técnicas do catálogo OMEGAIMPORTS. Consulte o catálogo técnico da OMEGAIMPORTS e confirme as condições no anúncio oficial do Mercado Livre.","https://luscaarmstrong1.github.io/omegaimports-catalogo/categorias/","2",""
"dist\categorias\instrumentos-de-bancada\index.html","Instrumentos de bancada | OMEGAIMPORTS","Fontes de bancada, geradores de função e instrumentos de teste.","https://luscaarmstrong1.github.io/omegaimports-catalogo/categorias/instrumentos-de-bancada/","2",""
"dist\categorias\iot-gsm-e-comunicacao\index.html","IoT, GSM e comunicação | OMEGAIMPORTS","GSM/GPRS, RF, antenas, pigtails e conectividade para telemetria.","https://luscaarmstrong1.github.io/omegaimports-catalogo/categorias/iot-gsm-e-comunicacao/","2",""
"dist\categorias\sensores-e-medicao\index.html","Sensores e medição | OMEGAIMPORTS","Sensores de corrente, transformadores e leitura de energia.","https://luscaarmstrong1.github.io/omegaimports-catalogo/categorias/sensores-e-medicao/","2",""
"dist\como-comprar\index.html","Como comprar | OMEGAIMPORTS","Encontre o produto, confira modelo e condição, abra o anúncio oficial e finalize a compra pelo Mercado Livre.","https://luscaarmstrong1.github.io/omegaimports-catalogo/como-comprar/","2",""
"dist\contato\index.html","Contato | OMEGAIMPORTS","Canais oficiais da OMEGAIMPORTS: WhatsApp, Mercado Livre e LinkedIn.","https://luscaarmstrong1.github.io/omegaimports-catalogo/contato/","2",""
"dist\duvidas-frequentes\index.html","Dúvidas frequentes | OMEGAIMPORTS","Encontre respostas sobre compra, pagamento, entrega, pós-venda e atendimento da OMEGAIMPORTS.","https://luscaarmstrong1.github.io/omegaimports-catalogo/duvidas-frequentes/","2",""
"dist\familias\index.html","Famílias agora ficam no catálogo | OMEGAIMPORTS","Use os filtros de família na página de produtos. Consulte o catálogo técnico da OMEGAIMPORTS e confirme as condições no anúncio oficial do Mercado Livre.","https://luscaarmstrong1.github.io/omegaimports-catalogo/familias/","2",""
"dist\guias\index.html","Guias técnicos migraram para o Blog | OMEGAIMPORTS","Os guias foram reorganizados como artigos editoriais.","https://luscaarmstrong1.github.io/omegaimports-catalogo/guias/","2",""
"dist\index.html","Componentes eletrônicos, IoT e automação | OMEGAIMPORTS","Componentes eletrônicos, sensores, fontes, módulos IoT e automação da OMEGAIMPORTS, com compra pelo Mercado Livre e atendimento pelo WhatsApp.","https://luscaarmstrong1.github.io/omegaimports-catalogo/","2",""
"dist\politica-de-privacidade\index.html","Política de privacidade | OMEGAIMPORTS","Este site é uma vitrine estática. Não cria contas, não processa pagamentos e não armazena dados de checkout.","https://luscaarmstrong1.github.io/omegaimports-catalogo/politica-de-privacidade/","2",""
"dist\produtos\10x-mini-fonte-chaveada-hi-link-hlk-pm01-5-v-3-w-mlb4669463663\index.html","10x Mini fonte Chaveada Hi-link HLK-PM01 5 V / 3 W | OMEGAIMPORTS","10x Mini fonte Chaveada Hi-link HLK-PM01 5 V / 3 W","https://luscaarmstrong1.github.io/omegaimports-catalogo/produtos/10x-mini-fonte-chaveada-hi-link-hlk-pm01-5-v-3-w-mlb4669463663/","4",""
"dist\produtos\10x-modulo-gps-ublox-gy-gps6mv2-para-arduino-drone-e-esp-mlb3963960643\index.html","10x Módulo GPS Ublox Gy-gps6mv2 para Arduino, Drone e Esp | OMEGAIMPORTS","VENDA DE KIT O ENVIO VAI SER DE 10 UNIDADES Módulo GPS Ublox GY-GPS6MV2, uma solução de alta precisão para projetos eletrônicos e de automação. Compatível com Arduino,.","https://luscaarmstrong1.github.io/omegaimports-catalogo/produtos/10x-modulo-gps-ublox-gy-gps6mv2-para-arduino-drone-e-esp-mlb3963960643/","4",""
"dist\produtos\10x-varistor-14k-250vac-s14d391-14d391k250vac-uso-geral-mlb4669565005\index.html","10x Varistor 14k 250vac (s14d391 / 14d391k250vac) Uso Geral | OMEGAIMPORTS","VARISTOR &quot;Voltage Dependent Resistor&quot; (VDR) é um componente eletrônico que diminui a resistência conforme a tensão aumenta, muito utilizado na eletrônica para proteger.","https://luscaarmstrong1.github.io/omegaimports-catalogo/produtos/10x-varistor-14k-250vac-s14d391-14d391k250vac-uso-geral-mlb4669565005/","4",""
"dist\produtos\2-modulos-rele-1-canal-5-v-10-a-para-projetos-arduino-e-iot-mlb3963883507\index.html","2 Módulos Relé 1 Canal 5 V/10 A para Projetos Arduino e Iot | OMEGAIMPORTS","Kit com 2 módulos relé de 1 canal, ideais para projetos com Arduino, Raspberry Pi, PIC e outros microcontroladores. Cada módulo opera com tensão de 5 V e suporta cargas.","https://luscaarmstrong1.github.io/omegaimports-catalogo/produtos/2-modulos-rele-1-canal-5-v-10-a-para-projetos-arduino-e-iot-mlb3963883507/","4",""
"dist\produtos\3x-filtro-supressor-de-ruidos-eicos-k-8-para-contatores-220-v-mlb4669565379\index.html","3x Filtro Supressor de Ruídos Eicos K-8 para Contatores 220 V | OMEGAIMPORTS","O Filtro Supressor de Ruídos K-8 da Eicos é uma solução eficiente para minimizar ruídos e interferências gerados por contatores e dispositivos elétricos. Ideal para.","https://luscaarmstrong1.github.io/omegaimports-catalogo/produtos/3x-filtro-supressor-de-ruidos-eicos-k-8-para-contatores-220-v-mlb4669565379/","4",""
"dist\produtos\3x-kit-esp32-sim800l-modulo-sem-fio-gprs-t-call-antena-mlb5288925380\index.html","3x Kit ESP32 SIM800L Módulo Sem Fio Gprs T-call + Antena | OMEGAIMPORTS","Kit 3 Un Consulte o catálogo técnico da OMEGAIMPORTS e confirme as condições no anúncio oficial do Mercado Livre.","https://luscaarmstrong1.github.io/omegaimports-catalogo/produtos/3x-kit-esp32-sim800l-modulo-sem-fio-gprs-t-call-antena-mlb5288925380/","4",""
"dist\produtos\40x-chave-micro-switch-kw1-103-15-a-125vac-16-a-250vac-preto-mlb4669478861\index.html","40x Chave Micro Switch Kw1-103 15 A 125vac / 16 A 250vac Preto | OMEGAIMPORTS","O Kit com 40 Chaves Micro Switch KW1-103 é ideal para diversas aplicações elétricas e eletrônicas que exigem alta confiabilidade e durabilidade. Esses micro switches.","https://luscaarmstrong1.github.io/omegaimports-catalogo/produtos/40x-chave-micro-switch-kw1-103-15-a-125vac-16-a-250vac-preto-mlb4669478861/","4",""
"dist\produtos\50-lacres-de-seguranca-amarelos-com-arame-aco-30cm-numerados-amarelo-mlb5272672830\index.html","50 Lacres de Segurança Amarelos com Arame Aço 30cm Numerados… | OMEGAIMPORTS","O Kit com 50 Lacres Amarelos de 30cm com Arame de Aço Numerados oferece segurança e praticidade para selagem e identificação de produtos e materiais. Ideal para uso em.","https://luscaarmstrong1.github.io/omegaimports-catalogo/produtos/50-lacres-de-seguranca-amarelos-com-arame-aco-30cm-numerados-amarelo-mlb5272672830/","4",""
"dist\produtos\50x-varistor-14k-250vac-s14d391-14d391k250vac-uso-geral-mlb4669505143\index.html","50x Varistor 14k 250vac (s14d391 / 14d391k250vac) Uso Geral | OMEGAIMPORTS","O Kit com 50 Varistores 14K 250VAC S14D391 / 14D391K250VAC é ideal para proteção de circuitos contra surtos e picos de tensão. Esses varistores são componentes.","https://luscaarmstrong1.github.io/omegaimports-catalogo/produtos/50x-varistor-14k-250vac-s14d391-14d391k250vac-uso-geral-mlb4669505143/","4",""
"dist\produtos\bateria-para-notebook-acer-aspire-ap18c8k-4471-mah-original-preto-mlb7141642274\index.html","Bateria para Notebook Acer Aspire Ap18c8k 4471 Mah Original… | OMEGAIMPORTS","Bateria para Notebook Acer Aspire Ap18c8k 4471 Mah Original Preto","https://luscaarmstrong1.github.io/omegaimports-catalogo/produtos/bateria-para-notebook-acer-aspire-ap18c8k-4471-mah-original-preto-mlb7141642274/","4",""
"dist\produtos\carcaca-acer-aspire-5-a515-54-prateado-mlb4508250345\index.html","Carcaça Acer Aspire 5 A515-54 Prateado | OMEGAIMPORTS","Carcaça Acer Aspire 5 A515-54 Consulte o catálogo técnico da OMEGAIMPORTS e confirme as condições no anúncio oficial do Mercado Livre.","https://luscaarmstrong1.github.io/omegaimports-catalogo/produtos/carcaca-acer-aspire-5-a515-54-prateado-mlb4508250345/","4",""
"dist\produtos\conector-split-bolt-16mm-intelli-cobre-eletrolitico-alta-condutibilidade-mlb5265377782\index.html","Conector Split Bolt 16mm² Intelli Cobre Eletrolítico Alta… | OMEGAIMPORTS","Conector Split Bolt 16mm² Intelli Cobre Eletrolítico Alta Condutibilidade","https://luscaarmstrong1.github.io/omegaimports-catalogo/produtos/conector-split-bolt-16mm-intelli-cobre-eletrolitico-alta-condutibilidade-mlb5265377782/","4",""
"dist\produtos\contator-hs-automacao-trifasico-4011-40-a-3p-1na-1nf-220-v-mlb5272662416\index.html","Contator Hs Automação Trifásico 4011 40 A 3p +1na+1nf 220 V | OMEGAIMPORTS","Contator Hs Automação Trifásico 4011 40 A 3p +1na+1nf 220 V","https://luscaarmstrong1.github.io/omegaimports-catalogo/produtos/contator-hs-automacao-trifasico-4011-40-a-3p-1na-1nf-220-v-mlb5272662416/","4",""
"dist\produtos\contator-trifasico-elitek-32-a-220-v-3-polos-modelo-ecp32a10m-mlb3939446645\index.html","Contator Trifásico Elitek 32 A 220 V 3 Polos Modelo Ecp32a10m | OMEGAIMPORTS","Contator Trifásico Elitek 32 A 220 V 3 Polos Modelo Ecp32a10m","https://luscaarmstrong1.github.io/omegaimports-catalogo/produtos/contator-trifasico-elitek-32-a-220-v-3-polos-modelo-ecp32a10m-mlb3939446645/","4",""
"dist\produtos\contator-tripolar-4011-40-a-220-v-3p-com-contatos-auxiliares-mlb5272698878\index.html","Contator Tripolar 4011 40 A 220 V 3p com Contatos Auxiliares | OMEGAIMPORTS","Contator Tripolar 4011 40 A 220 V 3p com Contatos Auxiliares","https://luscaarmstrong1.github.io/omegaimports-catalogo/produtos/contator-tripolar-4011-40-a-220-v-3p-com-contatos-auxiliares-mlb5272698878/","4",""
"dist\produtos\filtro-supressor-de-ruidos-eicos-k-8-para-contatores-220-v-mlb4669505471\index.html","Filtro Supressor de Ruídos Eicos K-8 para Contatores 220 V | OMEGAIMPORTS","Filtro Supressor de Ruídos K-8 – Eicos Elimina ruídos elétricos causados pela comutação de bobinas em contatores e relés de comando. Produto compacto, eficiente e de.","https://luscaarmstrong1.github.io/omegaimports-catalogo/produtos/filtro-supressor-de-ruidos-eicos-k-8-para-contatores-220-v-mlb4669505471/","4",""
"dist\produtos\fonte-de-alimentacao-dc-hikari-hf-3205s-32-v-5-a-p-bancadas-mlb5268487034\index.html","Fonte de Alimentação DC Hikari Hf-3205s 32 V/5 A P/bancadas | OMEGAIMPORTS","Produto seminovo, em estado impecável, sem marcas de uso e com pleno funcionamento de todos os recursos. A Fonte de Alimentação Simples Hikari HF-3205S é ideal para.","https://luscaarmstrong1.github.io/omegaimports-catalogo/produtos/fonte-de-alimentacao-dc-hikari-hf-3205s-32-v-5-a-p-bancadas-mlb5268487034/","4",""
"dist\produtos\fonte-de-alimentacao-dc-variavel-bancada-hikari-3-a-hf-3203s-mlb4669500229\index.html","Fonte de Alimentação DC Variável Bancada Hikari 3 A Hf-3203s | OMEGAIMPORTS","Produto seminovo, em estado impecável, sem marcas de uso e com pleno funcionamento de todos os recursos. A Fonte de Alimentação Simples Hikari HF-3205S é ideal para.","https://luscaarmstrong1.github.io/omegaimports-catalogo/produtos/fonte-de-alimentacao-dc-variavel-bancada-hikari-3-a-hf-3203s-mlb4669500229/","4",""
"dist\produtos\fonte-de-alimentacao-dc-variavel-bancada-hikari-3-a-hf-3203s-mlb6747662378\index.html","Fonte de Alimentação DC Variável Bancada Hikari 3 A Hf-3203s | OMEGAIMPORTS","Produto seminovo, em estado impecável, sem marcas de uso e com pleno funcionamento de todos os recursos. A Fonte de Alimentação Simples Hikari HF-3205S é ideal para.","https://luscaarmstrong1.github.io/omegaimports-catalogo/produtos/fonte-de-alimentacao-dc-variavel-bancada-hikari-3-a-hf-3203s-mlb6747662378/","4",""
"dist\produtos\fonte-de-alimentacao-hlk-pm01-5-v-3-w-hi-link-modulo-ac-dc-mlb5268554980\index.html","Fonte de Alimentação HLK-PM01 5 V/3 W Hi-link Módulo AC/dc | OMEGAIMPORTS","A Mini Fonte Chaveada Hi-Link HLK-PM01 5 V/3 W é uma solução compacta e eficiente para conversão de energia AC para DC, ideal para projetos de automação, IoT e.","https://luscaarmstrong1.github.io/omegaimports-catalogo/produtos/fonte-de-alimentacao-hlk-pm01-5-v-3-w-hi-link-modulo-ac-dc-mlb5268554980/","4",""
"dist\produtos\gerador-de-funcao-minipa-2mhz-mfg-4202-a-portatil-manual-2kg-mlb6747664364\index.html","Gerador de Função Minipa 2mhz Mfg-4202 A Portátil Manual 2kg | OMEGAIMPORTS","GERAL A especificação é válida para temperatura 23C5C, umidade relativa 80% e tempo de aquecimento mínimo de 30 minutos. Ciclo de calibração recomendado de 1 ano..","https://luscaarmstrong1.github.io/omegaimports-catalogo/produtos/gerador-de-funcao-minipa-2mhz-mfg-4202-a-portatil-manual-2kg-mlb6747664364/","4",""
"dist\produtos\gerador-de-funcao-minipa-2mhz-mfg-4202-a-portatil-manual-2kg-mlb6747664468\index.html","Gerador de Função Minipa 2mhz Mfg-4202 A Portátil Manual 2kg | OMEGAIMPORTS","GERAL A especificação é válida para temperatura 23C5C, umidade relativa 80% e tempo de aquecimento mínimo de 30 minutos. Ciclo de calibração recomendado de 1 ano..","https://luscaarmstrong1.github.io/omegaimports-catalogo/produtos/gerador-de-funcao-minipa-2mhz-mfg-4202-a-portatil-manual-2kg-mlb6747664468/","4",""
"dist\produtos\index.html","Produtos | OMEGAIMPORTS","Catálogo com busca e filtros de ofertas públicas da OMEGAIMPORTS.","https://luscaarmstrong1.github.io/omegaimports-catalogo/produtos/","3",""
"dist\produtos\kit-10-mini-fonte-chaveada-hi-link-hlk-pm01-5-v-3-w-mlb3948192369\index.html","Kit 10 Mini fonte Chaveada Hi-link HLK-PM01 - 5 V 3 W | OMEGAIMPORTS","Kit com 10 mini fontes chaveadas Hi-Link HLK-PM01 de 5 V e 3 W, ideai","https://luscaarmstrong1.github.io/omegaimports-catalogo/produtos/kit-10-mini-fonte-chaveada-hi-link-hlk-pm01-5-v-3-w-mlb3948192369/","4",""
"dist\produtos\kit-100-barra-de-pinos-femea-1x15-2-54-mm-pic-arduino-preto-mlb4669479535\index.html","Kit 100 Barra de Pinos - Fêmea - 1x15 - 2,54 mm - Pic/arduino… | OMEGAIMPORTS","Kit 100 Peças - Barra de Pinos Fêmea 1x15 Passo 2,54 mm MCI 180° Este kit de 100 barras de pinos fêmea 1x15 com passo de 2,54 mm é ideal para projetos que exigem.","https://luscaarmstrong1.github.io/omegaimports-catalogo/produtos/kit-100-barra-de-pinos-femea-1x15-2-54-mm-pic-arduino-preto-mlb4669479535/","4",""
"dist\produtos\kit-10un-mini-fonte-hi-link-hlk-pm01-110-220vac-5vdc-mlb4669463945\index.html","Kit 10un Mini fonte Hi-link HLK-PM01 110-220vac - 5vdc | OMEGAIMPORTS","Kit 10un Mini fonte Hi-link HLK-PM01 110-220vac - 5vdc","https://luscaarmstrong1.github.io/omegaimports-catalogo/produtos/kit-10un-mini-fonte-hi-link-hlk-pm01-110-220vac-5vdc-mlb4669463945/","4",""
"dist\produtos\kit-10x-antena-gps-1575-42-mhz-com-suporte-a-3-v-5-v-mlb5272537202\index.html","Kit 10x Antena GPS 1575.42 MHz com Suporte A 3 V-5 V | OMEGAIMPORTS","10 unidades da Antena GPS com frequência de 1575.42 MHz que é ideal para projetos de navegação, rastreamento e localização. Com suporte a voltagem de 3 V a 5 V, essa.","https://luscaarmstrong1.github.io/omegaimports-catalogo/produtos/kit-10x-antena-gps-1575-42-mhz-com-suporte-a-3-v-5-v-mlb5272537202/","4",""
"dist\produtos\kit-10x-modulos-esp32-ttgo-t-call-sim800l-antena-novo-mlb4051985849\index.html","Kit 10x Módulos ESP32 Ttgo T-call SIM800L + Antena (novo) | OMEGAIMPORTS","10 unidades de Módulos de Comunicação Sem Fio TTGO T-Call V1.4 – ESP32 + SIM800L O TTGO T-Call V1.4 é um módulo integrado que combina o ESP32-WROver-B com o SIM800L,.","https://luscaarmstrong1.github.io/omegaimports-catalogo/produtos/kit-10x-modulos-esp32-ttgo-t-call-sim800l-antena-novo-mlb4051985849/","4",""
"dist\produtos\kit-10x-modulos-esp32-ttgo-t-call-sim800l-antena-novo-mlb5375698778\index.html","Kit 10x Módulos ESP32 Ttgo T-call SIM800L + Antena (novo) | OMEGAIMPORTS","Kit 10x Módulos ESP32 Ttgo T-call SIM800L + Antena (novo)","https://luscaarmstrong1.github.io/omegaimports-catalogo/produtos/kit-10x-modulos-esp32-ttgo-t-call-sim800l-antena-novo-mlb5375698778/","4",""
"dist\produtos\kit-15-conectores-split-bolt-16mm-fendido-p-emenda-de-cabos-mlb5268502876\index.html","Kit 15 Conectores Split Bolt 16mm Fendido P/emenda de Cabos | OMEGAIMPORTS","O Kit com 15 Conectores de Parafuso Fendido Split Bolt 16mm é ideal","https://luscaarmstrong1.github.io/omegaimports-catalogo/produtos/kit-15-conectores-split-bolt-16mm-fendido-p-emenda-de-cabos-mlb5268502876/","4",""
"dist\produtos\kit-200-barra-de-pinos-femea-1x15-2-54-mm-pic-arduino-preto-mlb5272894966\index.html","Kit 200 Barra de Pinos - Fêmea - 1x15 - 2,54 mm - Pic/arduino… | OMEGAIMPORTS","Kit 200 Barra de Pinos - Fêmea - 1x15 - 2,54 mm - Pic/arduino Preto","https://luscaarmstrong1.github.io/omegaimports-catalogo/produtos/kit-200-barra-de-pinos-femea-1x15-2-54-mm-pic-arduino-preto-mlb5272894966/","4",""
"dist\produtos\kit-20x-modulos-esp32-ttgo-t-call-sim800l-antena-mlb4051929221\index.html","Kit 20x Módulos ESP32 Ttgo T-call SIM800L + Antena | OMEGAIMPORTS","Kit 20x Módulos ESP32 Ttgo T-call SIM800L + Antena","https://luscaarmstrong1.github.io/omegaimports-catalogo/produtos/kit-20x-modulos-esp32-ttgo-t-call-sim800l-antena-mlb4051929221/","4",""
"dist\produtos\kit-20x-modulos-esp32-ttgo-t-call-sim800l-antena-novo-mlb5375622238\index.html","Kit 20x Módulos ESP32 Ttgo T-call SIM800L + Antena (novo) | OMEGAIMPORTS","TRATA-SE DE PRODUTOS NOVOS - EMBALADOS E NUNCA ABERTOS 20 unidades de Módulos de Comunicação Sem Fio TTGO T-Call V1.4 – ESP32 + SIM800L O TTGO T-Call V1.4 é um módulo.","https://luscaarmstrong1.github.io/omegaimports-catalogo/produtos/kit-20x-modulos-esp32-ttgo-t-call-sim800l-antena-novo-mlb5375622238/","4",""
"dist\produtos\kit-2x-modulos-esp32-ttgo-t-call-sim800l-antena-novo-mlb4417997973\index.html","Kit 2x Módulos ESP32 Ttgo T-call SIM800L + Antena (novo) | OMEGAIMPORTS","* TRATA-SE DE PRODUTOS NOVOS - EMBALADOS E NUNCA ABERTOS * 5 unidades de Módulos de Comunicação Sem Fio TTGO T-Call V1.4 – ESP32 + SIM800L O TTGO T-Call V1.4 é um.","https://luscaarmstrong1.github.io/omegaimports-catalogo/produtos/kit-2x-modulos-esp32-ttgo-t-call-sim800l-antena-novo-mlb4417997973/","4",""
"dist\produtos\kit-30-placas-de-fenolite-ilhada-5x7-cm-pcb-perfurada-mlb5272637504\index.html","Kit 30 Placas de Fenolite Ilhada 5x7 Cm Pcb Perfurada | OMEGAIMPORTS","O Kit com 30 Placas de Fenolite Ilhada 5x7 cm é ideal para projetos eletrônicos e protótipos. Cada placa é perfurada e ilhada, facilitando a criação de circuitos sem.","https://luscaarmstrong1.github.io/omegaimports-catalogo/produtos/kit-30-placas-de-fenolite-ilhada-5x7-cm-pcb-perfurada-mlb5272637504/","4",""
"dist\produtos\kit-3x-modulo-gps-neo-6m-v2-com-antena-arduino-esp32-esp8266-mlb7143332292\index.html","Kit 3x Módulo GPS NEO-6M V2 com Antena Arduino ESP32 Esp8266 | OMEGAIMPORTS","Kit 3x Módulo GPS NEO-6M V2 com Antena Arduino ESP32 Esp8266","https://luscaarmstrong1.github.io/omegaimports-catalogo/produtos/kit-3x-modulo-gps-neo-6m-v2-com-antena-arduino-esp32-esp8266-mlb7143332292/","4",""
"dist\produtos\kit-5-mini-fonte-chaveada-hi-link-hlk-pm01-5-v-3-w-mlb4832394051\index.html","Kit 5 Mini fonte Chaveada Hi-link HLK-PM01 5 V / 3 W | OMEGAIMPORTS","Kit 5 Mini fonte Chaveada Hi-link HLK-PM01 5 V / 3 W","https://luscaarmstrong1.github.io/omegaimports-catalogo/produtos/kit-5-mini-fonte-chaveada-hi-link-hlk-pm01-5-v-3-w-mlb4832394051/","4",""
"dist\produtos\kit-50-conectores-fendido-16mm-split-bolt-cobre-mlb3948176139\index.html","Kit 50 Conectores Fendido 16mm Split Bolt Cobre | OMEGAIMPORTS","Kit 50 Conectores Fendido 16mm Split Bolt Cobre Consulte o catálogo técnico da OMEGAIMPORTS e confirme as condições no anúncio oficial do Mercado Livre.","https://luscaarmstrong1.github.io/omegaimports-catalogo/produtos/kit-50-conectores-fendido-16mm-split-bolt-cobre-mlb3948176139/","4",""
"dist\produtos\kit-500-reguladores-de-tensao-ams1117-smd-3-3-v-mlb5249469476\index.html","Kit 500 Reguladores de Tensão Ams1117 Smd 3,3 V | OMEGAIMPORTS","Este kit contém 500 reguladores de tensão AMS1117 SMD, ideais para aplicações que exigem conversão de tensão estável e precisa para 3,3 V. Compactos e confiáveis, esses.","https://luscaarmstrong1.github.io/omegaimports-catalogo/produtos/kit-500-reguladores-de-tensao-ams1117-smd-3-3-v-mlb5249469476/","4",""
"dist\produtos\kit-5x-modulos-esp32-ttgo-t-call-sim800l-antena-novo-mlb5375724278\index.html","Kit 5x Módulos ESP32 Ttgo T-call SIM800L + Antena (novo) | OMEGAIMPORTS","* TRATA-SE DE PRODUTOS NOVOS - EMBALADOS E NUNCA ABERTOS * 5 unidades de Módulos de Comunicação Sem Fio TTGO T-Call V1.4 – ESP32 + SIM800L O TTGO T-Call V1.4 é um.","https://luscaarmstrong1.github.io/omegaimports-catalogo/produtos/kit-5x-modulos-esp32-ttgo-t-call-sim800l-antena-novo-mlb5375724278/","4",""
"dist\produtos\kit-c-3-sensor-de-corrente-ac-nao-invasivosct-013-100-a-50-ma-mlb4669465391\index.html","Kit C/3 Sensor de Corrente AC Não Invasivosct-013 100 A 50 mA | OMEGAIMPORTS","Kit C/3 Sensor de Corrente AC Não Invasivosct-013 100 A 50 mA","https://luscaarmstrong1.github.io/omegaimports-catalogo/produtos/kit-c-3-sensor-de-corrente-ac-nao-invasivosct-013-100-a-50-ma-mlb4669465391/","4",""
"dist\produtos\kit-com-100-prensa-cabos-pg9-cinza-vedacao-ip68-mlb3957971855\index.html","Kit com 100 Prensa Cabos Pg9 Cinza - Vedação Ip68 | OMEGAIMPORTS","Kit com 100 Prensa Cabos Pg9 Cinza - Vedação Ip68 Consulte o catálogo técnico da OMEGAIMPORTS e confirme as condições no anúncio oficial do Mercado Livre.","https://luscaarmstrong1.github.io/omegaimports-catalogo/produtos/kit-com-100-prensa-cabos-pg9-cinza-vedacao-ip68-mlb3957971855/","4",""
"dist\produtos\kit-com-3-transformador-de-corrente-ac-nao-invasivo-zmct123a-mlb5288865822\index.html","Kit com 3 Transformador de Corrente AC Não Invasivo ZMCT123A | OMEGAIMPORTS","Este kit contém 3 sensores de corrente AC modelo ZMCT123A, ideais para medição de corrente alternada em diversos projetos eletrônicos e de automação. Com sua tecnologia.","https://luscaarmstrong1.github.io/omegaimports-catalogo/produtos/kit-com-3-transformador-de-corrente-ac-nao-invasivo-zmct123a-mlb5288865822/","4",""
"dist\produtos\kit-com-400-resistores-10-k-5-tolerancia-mlb3963996985\index.html","Kit com 400 Resistores 10 Kω 5% Tolerância | OMEGAIMPORTS","Kit com 400 resistores de 10 kΩ com tolerância de 5%, ideais para projetos eletrônicos e protótipos. Esses resistores são amplamente utilizados em circuitos.","https://luscaarmstrong1.github.io/omegaimports-catalogo/produtos/kit-com-400-resistores-10-k-5-tolerancia-mlb3963996985/","4",""
"dist\produtos\kit-com-400-resistores-100-k-5-filme-de-carbono-mlb3964028995\index.html","Kit com 400 Resistores 100 Kω 5% Filme de Carbono | OMEGAIMPORTS","Kit com 400 resistores de 100 kΩ, tolerância de 5%, fabricados com tecnologia de filme de carbono. Esses resistores são perfeitos para montagem de circuitos.","https://luscaarmstrong1.github.io/omegaimports-catalogo/produtos/kit-com-400-resistores-100-k-5-filme-de-carbono-mlb3964028995/","4",""
"dist\produtos\kit-com-50-abracadeiras-plasticas-fixadoras-de-fios-11-a-15m-mlb3963856949\index.html","Kit com 50 Abraçadeiras Plásticas Fixadoras de Fios 11 A 15m | OMEGAIMPORTS","Kit com 50 abraçadeiras plásticas fixadoras de fios, ideais para organizar e fixar cabos e fios com diâmetro de 11 A 15 mm. Fabricadas com material resistente, essas.","https://luscaarmstrong1.github.io/omegaimports-catalogo/produtos/kit-com-50-abracadeiras-plasticas-fixadoras-de-fios-11-a-15m-mlb3963856949/","4",""
"dist\produtos\kit-com-6-pigtail-u-fi-ipx-para-rp-sma-femea-com-10-cm-mlb5272831698\index.html","Kit com 6 Pigtail U.fi Ipx para Rp-sma Femêa com 10 Cm | OMEGAIMPORTS","Kit com 6 Pigtail U.FL IPX para RP-SMA Fêmea - Comprimento de 10 cm Conexões de alta performance para seus projetos de comunicação sem fio. Este kit oferece dois.","https://luscaarmstrong1.github.io/omegaimports-catalogo/produtos/kit-com-6-pigtail-u-fi-ipx-para-rp-sma-femea-com-10-cm-mlb5272831698/","4",""
"dist\produtos\kit-com-9-sensores-de-corrente-ac-zmct123a-nao-invasivos-mlb3964934307\index.html","Kit com 9 Sensores de Corrente AC ZMCT123A Não Invasivos | OMEGAIMPORTS","Kit com 9 transformadores/sensores de corrente AC ZMCT123A não invasivos, ideais para monitoramento de consumo elétrico em sistemas de automação e IoT. Esses sensores.","https://luscaarmstrong1.github.io/omegaimports-catalogo/produtos/kit-com-9-sensores-de-corrente-ac-zmct123a-nao-invasivos-mlb3964934307/","4",""
"dist\produtos\kit15-conector-parafuso-fendido-emenda-cabos-split-bolt-16mm-mlb5268502882\index.html","Kit15 Conector Parafuso Fendido Emenda Cabos Split Bolt 16mm | OMEGAIMPORTS","O Split Bolt 16mm é um conector especialmente dimensionado para acomodar uma vasta combinação de fios e cabos, com alta condutibilidade elétrica e conexão por aperto. É.","https://luscaarmstrong1.github.io/omegaimports-catalogo/produtos/kit15-conector-parafuso-fendido-emenda-cabos-split-bolt-16mm-mlb5268502882/","4",""
"dist\produtos\mini-fonte-110-220-v-ac-5-v-dc-700-ma-3-5-w-arduino-esp8266-mlb3963881443\index.html","Mini fonte 110-220 V AC 5 V DC 700 mA 3.5 W Arduino Esp8266 | OMEGAIMPORTS","Mini Fonte de alimentação 50~277Vca Para 5 V 3.5 W 700 mA é compacta e ideal para projetos que necessitam de alimentação pela rede elétrica, podendo ser soldada.","https://luscaarmstrong1.github.io/omegaimports-catalogo/produtos/mini-fonte-110-220-v-ac-5-v-dc-700-ma-3-5-w-arduino-esp8266-mlb3963881443/","4",""
"dist\produtos\mini-fonte-5-v-3-w-conversor-ac-dc-310-v-compacta-e-eficiente-preto-mlb3963907335\index.html","Mini fonte 5 V 3 W Conversor AC/dc 310 V Compacta e Eficiente… | OMEGAIMPORTS","Mini fonte conversora de alta eficiência para aplicações eletrônicas, transformando uma entrada de 310 V AC/DC em uma saída estável de 5 V com 3 W de potência. Ideal.","https://luscaarmstrong1.github.io/omegaimports-catalogo/produtos/mini-fonte-5-v-3-w-conversor-ac-dc-310-v-compacta-e-eficiente-preto-mlb3963907335/","4",""
"dist\produtos\mini-fonte-chaveada-hi-link-hlk-pm01-5-v-3-w-mlb4669476077\index.html","Mini fonte Chaveada Hi-link HLK-PM01 5 V / 3 W | OMEGAIMPORTS","Mini fonte Chaveada Hi-link HLK-PM01 5 V / 3 W Consulte o catálogo técnico da OMEGAIMPORTS e confirme as condições no anúncio oficial do Mercado Livre.","https://luscaarmstrong1.github.io/omegaimports-catalogo/produtos/mini-fonte-chaveada-hi-link-hlk-pm01-5-v-3-w-mlb4669476077/","4",""
"dist\produtos\mini-fonte-chaveada-hi-link-hlk-pm01-5-v-3-w-mlb4832454317\index.html","Mini fonte Chaveada Hi-link HLK-PM01 5 V / 3 W | OMEGAIMPORTS","Mini fonte Chaveada Hi-link HLK-PM01 5 V / 3 W Consulte o catálogo técnico da OMEGAIMPORTS e confirme as condições no anúncio oficial do Mercado Livre.","https://luscaarmstrong1.github.io/omegaimports-catalogo/produtos/mini-fonte-chaveada-hi-link-hlk-pm01-5-v-3-w-mlb4832454317/","4",""
"dist\produtos\mini-fonte-chaveada-hi-link-hlk-pm01-5-v-3-w-mlb5268530154\index.html","Mini fonte Chaveada Hi-link HLK-PM01 5 V / 3 W | OMEGAIMPORTS","Mini Fonte Chaveada Hi-Link HLK-PM01 5 V / 3 W A Mini Fonte Chaveada Hi-Link HLK-PM01 é a solução ideal para suas necessidades de alimentação elétrica. Com uma potência.","https://luscaarmstrong1.github.io/omegaimports-catalogo/produtos/mini-fonte-chaveada-hi-link-hlk-pm01-5-v-3-w-mlb5268530154/","4",""
"dist\produtos\mini-fonte-chaveada-hi-link-hlk-pm01-5-v-3-w-mlb6747663478\index.html","Mini fonte Chaveada Hi-link HLK-PM01 5 V / 3 W | OMEGAIMPORTS","Mini fonte Chaveada Hi-link HLK-PM01 5 V / 3 W Consulte o catálogo técnico da OMEGAIMPORTS e confirme as condições no anúncio oficial do Mercado Livre.","https://luscaarmstrong1.github.io/omegaimports-catalogo/produtos/mini-fonte-chaveada-hi-link-hlk-pm01-5-v-3-w-mlb6747663478/","4",""
"dist\produtos\modulo-de-comunicacao-ttgo-t-call-sim800l-lilygo-aberto-mlb7070502622\index.html","Módulo de Comunicação Ttgo T-call, SIM800L Lilygo (aberto) | OMEGAIMPORTS","Módulo de Comunicação Ttgo T-call, SIM800L Lilygo (aberto)","https://luscaarmstrong1.github.io/omegaimports-catalogo/produtos/modulo-de-comunicacao-ttgo-t-call-sim800l-lilygo-aberto-mlb7070502622/","4",""
"dist\produtos\modulo-de-comunicacao-ttgo-t-call-sim800l-lilygo-mlb3939451361\index.html","Módulo de Comunicação Ttgo T-call, SIM800L Lilygo | OMEGAIMPORTS","Módulo de Comunicação Sem Fio TTGO T-Call, SIM800L, Antena FPC, Car","https://luscaarmstrong1.github.io/omegaimports-catalogo/produtos/modulo-de-comunicacao-ttgo-t-call-sim800l-lilygo-mlb3939451361/","4",""
"dist\produtos\modulo-gps-neo-6m-v2-com-antena-compativel-arduino-esp32-esp8266-raspberry-pi-rastreamento-navegacao-telemetri-mlb4875918503\index.html","Módulo GPS NEO-6M V2 com Antena Compatível Arduino ESP32… | OMEGAIMPORTS","Módulo GPS NEO-6M V2 com Antena Compatível Arduino ESP32 Esp8266 Raspberry Pi Rastreamento Navegação Telemetria Drone Robótica Geolocalização Projetos Blutu","https://luscaarmstrong1.github.io/omegaimports-catalogo/produtos/modulo-gps-neo-6m-v2-com-antena-compativel-arduino-esp32-esp8266-raspberry-pi-rastreamento-navegacao-telemetri-mlb4875918503/","4",""
"dist\produtos\modulo-gps-ublox-casa-da-robotica-gy-gps6mv2-antena-ceramica-arduino-mlb5272829812\index.html","Módulo GPS Ublox Casa da Robótica Gy-gps6mv2 Antena Cerâmica… | OMEGAIMPORTS","Módulo GPS Ublox Casa da Robótica Gy-gps6mv2 Antena Cerâmica Arduino","https://luscaarmstrong1.github.io/omegaimports-catalogo/produtos/modulo-gps-ublox-casa-da-robotica-gy-gps6mv2-antena-ceramica-arduino-mlb5272829812/","4",""
"dist\produtos\modulo-rele-1-canal-led-indicador-para-arduino-pi-pic-5-v-10-a-mlb3963871285\index.html","Modulo Rele 1 Canal Led Indicador para Arduino Pi Pic 5 V/10 A | OMEGAIMPORTS","Rele 5 V 1 Canal Modulo Arduino Nodemcu Esp8266 ESP32 Este modulo Relé 5 V com 1 canal é a alternativa perfeita pra quem busca um módulo compacto e de qualidade para.","https://luscaarmstrong1.github.io/omegaimports-catalogo/produtos/modulo-rele-1-canal-led-indicador-para-arduino-pi-pic-5-v-10-a-mlb3963871285/","4",""
"dist\produtos\placa-de-comunicacao-lilygo-com-esp32-ttgo-t-call-sim800l-mlb7070500932\index.html","Placa de Comunicação Lilygo com ESP32 Ttgo T-call SIM800L | OMEGAIMPORTS","Placa de Comunicação Lilygo com ESP32 Ttgo T-call SIM800L","https://luscaarmstrong1.github.io/omegaimports-catalogo/produtos/placa-de-comunicacao-lilygo-com-esp32-ttgo-t-call-sim800l-mlb7070500932/","4",""
"dist\produtos\retificador-220-v-saida-5-v-dc-700-ma-ac-dc-step-down-fonte-5-v-mlb5272769886\index.html","Retificador 220 V Saída 5 V DC 700 mA AC DC Step Down Fonte 5 V | OMEGAIMPORTS","Retificador 220 V - Saída 5 V DC 700 mA AC/DC Step Down - Fonte 5 V Fonte compacta e eficiente para conversão de tensão AC para DC, ideal para projetos eletrônicos e.","https://luscaarmstrong1.github.io/omegaimports-catalogo/produtos/retificador-220-v-saida-5-v-dc-700-ma-ac-dc-step-down-fonte-5-v-mlb5272769886/","4",""
"dist\produtos\sensor-de-corrente-ac-nao-invasivo-ac-sct-013-100-a-50-ma-mlb4669465397\index.html","Sensor de Corrente AC Não Invasivo AC SCT-013 100 A 50 mA | OMEGAIMPORTS","Sensor de Corrente AC Não Invasivo AC SCT-013 100 A 50 mA","https://luscaarmstrong1.github.io/omegaimports-catalogo/produtos/sensor-de-corrente-ac-nao-invasivo-ac-sct-013-100-a-50-ma-mlb4669465397/","4",""
"dist\produtos\sensor-de-corrente-ac-nao-invasivo-ac-sct-013-100-a-50-ma-mlb6747664922\index.html","Sensor de Corrente AC Não Invasivo AC SCT-013 100 A 50 mA | OMEGAIMPORTS","Sensor de Corrente AC Não Invasivo AC SCT-013 100 A 50 mA","https://luscaarmstrong1.github.io/omegaimports-catalogo/produtos/sensor-de-corrente-ac-nao-invasivo-ac-sct-013-100-a-50-ma-mlb6747664922/","4",""
"dist\produtos\sensor-de-corrente-ac-nao-invasivo-sct-013-100-a-50-ma-mlb4669503045\index.html","Sensor de Corrente AC Não Invasivo SCT-013 100 A 50 mA | OMEGAIMPORTS","Sensores de corrente SCT-013, ideal para monitoramento de consumo de energia em projetos de automação, Arduino, Raspberry Pi e medições elétricas sem necessidade de.","https://luscaarmstrong1.github.io/omegaimports-catalogo/produtos/sensor-de-corrente-ac-nao-invasivo-sct-013-100-a-50-ma-mlb4669503045/","4",""
"dist\sobre\index.html","Sobre a OMEGAIMPORTS | OMEGAIMPORTS","A OMEGAIMPORTS organiza componentes eletrônicos, IoT, telemetria, energia, prototipagem e automação em uma vitrine técnica ligada aos anúncios oficiais no Mercado Livre.","https://luscaarmstrong1.github.io/omegaimports-catalogo/sobre/","2",""
"dist\termos-de-uso\index.html","Termos de uso | OMEGAIMPORTS","As informações ajudam a organizar e comparar produtos. Condições finais devem ser confirmadas no Mercado Livre.","https://luscaarmstrong1.github.io/omegaimports-catalogo/termos-de-uso/","2",""
